<?xml version="1.0" encoding="UTF-8" standalone="yes"?>
<addon id="repository.simplekodi" name="Simple Kodi" version="1.0" provider-name="Simple Kodi">
<extension point="xbmc.addon.repository" name="Simple Kodi">
<info compressed="false">https://files.000webhost.com/public_html/Plugins/addons.hml</info>
<checksum>https://files.000webhost.com/public_html/Plugins/addons.xml.md5</checksum>
<datadir zip="true">https://files.000webhost.com/public_html/Plugins</datadir>
</extension>
<extension point="xbmc.addon.metadata">
<summary>Simple Kodi Tutorial.</summary>
<description>How to create a Kodi Repository V2</description>
<platform>all</platform>
</extension>
</addon>